<?xml version="1.0" encoding="UTF-8"?>
<!DOCTYPE Config SYSTEM "http://pi.informatik.uni-siegen.de/SiDiff/Editrulesgeneratorconfig.dtd" >
<Config>
	<GeneralSettings>
		<preventInconsistency value="true" />
		<multiplicityPreconditions integrated="true" separately="true" />
		<reduceToSuperType  CREATE_DELETE="true" MOVE="true" SET_UNSET="true" ADD_REMOVE="true" CHANGE="true" />
		<disableVariants value="false"/>
		<createAllAttributes value="true" />		
   		<modelUsesProfileMechanism value="false"/>
	</GeneralSettings>
	
	<MetaModelSettings>
		<MainModel nsUri="http://www.eclipse.org/emf/2002/Ecore" />		
		<Constraints>
			<NameUniqueness scope="local" eClass="ENamedElement" eAttributeName="name" eAttributeIsInherited="false"  overrideInheritedConstraintsIfAny="false" applyOnSubTypes="true"/>
		</Constraints>	
	</MetaModelSettings>
	
	<Transformations>
		<Creates allow="true" />
		<Deletes allow="true" />
		<Moves allow="true" allowReferenceSwitching="true" />
		<Sets allow="true" />
		<Unsets allow="true" />
		<Adds allow="true" />
		<Removes allow="true" />
		<Changes allow="true" allowLiteralSwitching="true"/>
	</Transformations>

	<!-- nested=true: means the root element can also appear
	somewhere in its lower containments. -->
	<Root name="EPackage" nested="true"/>
	
	<WhiteList>
	</WhiteList>
	
	<BlackList>
		<EClass name="EFactory" />
		<EClass name="EGenericType" />
	</BlackList>
	
</Config>