<?xml version="1.0" encoding="UTF-8"?>
<!DOCTYPE Config SYSTEM "http://pi.informatik.uni-siegen.de/SiDiff/Editrulesgeneratorconfig.dtd" >
<Config>
	<GeneralSettings>
		<preventInconsistency value="true" />
		<multiplicityPreconditions integrated="false" separately="false" />
		<reduceToSuperType  CREATE_DELETE="false" MOVE="false" SET_UNSET="false" ADD_REMOVE="false" CHANGE="false" />
		<disableVariants value="true"/>
		<createAllAttributes value="true" />		
   		<modelUsesProfileMechanism value="true"/>
	</GeneralSettings>
	
	<MetaModelSettings>
		<MainModel nsUri="http://www.eclipse.org/papyrus/0.7.0/SysML" />
		<RequiredModel nsUri="http://www.eclipse.org/emf/2002/Ecore" />
		<RequiredModel nsUri="http://www.eclipse.org/uml2/4.0.0/UML" />
		<RequiredModel nsUri="http://www.eclipse.org/uml2/4.0.0/Types" />	
		<!-- 	
		<Constraints>
			<NameUniqueness scope="local" eClass="NamedElement" eAttributeName="name" eAttributeIsInherited="false"  overrideInheritedConstraintsIfAny="false" applyOnSubTypes="true"/>
		</Constraints>
		 -->
		<MaskedClassifiers>
		</MaskedClassifiers>
	</MetaModelSettings>

	
	<ProfiledModelSettings>
		<BaseModelRules path="/org.sidiff.sysml.editrules.atomic/transformation/generated/unprofiled"/>	
	</ProfiledModelSettings>
	
	<Transformations>
		<Creates allow="false" />
		<Deletes allow="false" />
		<Moves allow="false" allowReferenceSwitching="false" />
		<Sets allow="true" />
		<Unsets allow="false" />
		<Adds allow="false" />
		<Removes allow="false" />
		<Changes allow="false" allowLiteralSwitching="false"/>
	</Transformations>

	<!-- nested=true: means the root element can also appear
	somewhere in its lower containments (eg. (Sub-)StateMachine)-->
	<Root name="Model" nested="false"/>
	
	<WhiteList>			

	<EClass name="Block" />
	<EClass name="FlowPort" />
	<EClass name="ConstraintProperty" />
	<EClass name="ConstraintBlock" />
	<EClass name="RequirementRelated" />
	<EClass name="Requirement" />
	<EClass name="Satisfy" />	
	
	
	</WhiteList>
	
	<BlackList>

    		
	</BlackList>
	
</Config>