<?xml version="1.0" encoding="UTF-8"?>
<!DOCTYPE Config SYSTEM "http://pi.informatik.uni-siegen.de/SiDiff/Editrulesgeneratorconfig.dtd" >
<Config>
	<GeneralSettings>
		<preventInconsistency value="true" />
		<multiplicityPreconditions integrated="false" separately="false" />
		<reduceToSuperType  CREATE_DELETE="false" MOVE="false" SET_UNSET="false" ADD_REMOVE="false" CHANGE="false" />
		<disableVariants value="true" />
		<createAllAttributes value="true" />		
		<modelUsesProfileMechanism value="false" />
	</GeneralSettings>

	<MetaModelSettings>
		<MainModel nsUri="http://www.eclipse.org/uml2/4.0.0/UML" />
		<RequiredModel nsUri="http://www.eclipse.org/uml2/4.0.0/Types" />
		<RequiredModel nsUri="http://www.eclipse.org/emf/2002/Ecore" />	
		<!-- 
		<Constraints>
			<NameUniqueness scope="local" eClass="NamedElement" eAttributeName="name" eAttributeIsInherited="false" overrideInheritedConstraintsIfAny="false" applyOnSubTypes="true"/>
		</Constraints>
		 -->
		<MaskedClassifiers>	
		</MaskedClassifiers>
	</MetaModelSettings>

	<Transformations>
		<Creates allow="true" />
		<Deletes allow="true" />
		<Moves allow="true" allowReferenceSwitching="false" />
		<Sets allow="true" />
		<Unsets allow="true" />
		<Adds allow="true" />
		<Removes allow="true" />
		<Changes allow="true" allowLiteralSwitching="false"/>
	</Transformations>

	<Root name="Model" nested="false" />

	<WhiteList>

<!-- 
		<EClass name="Classifier" />
 -->	

		<EClass name="Abstraction" />
		<EClass name="Activity" />
		<EClass name="Association" />
		<EClass name="Class" />
		<EClass name="Constraint" />
		<EClass name="Enumeration" />
		<EClass name="EnumerationLiteral" />	
		<EClass name="FinalState" />	
		<EClass name="Generalization" />
		<EClass name="LiteralBoolean" />
		<EClass name="LiteralString" />
		<EClass name="Model" />	
		<EClass name="OpaqueBehavior" />
		<EClass name="Operation" />		
		<EClass name="Package" />
		<EClass name="Parameter" />
		<EClass name="Port" />
		<EClass name="ProfileApplication" />
		<EClass name="Property" />
		<EClass name="Pseudostate" />
		<EClass name="Region" />
		<EClass name="State" />
		<EClass name="StateMachine" />
		<EClass name="Transition" />	
		
	</WhiteList>
	<BlackList>
  
	
  	</BlackList>
</Config>