<?xml version="1.0" encoding="UTF-8" standalone="no"?>
<smellConfiguration>
<modelsmell>
<modelsmellId>simplewebmodel.smells.emptyentity</modelsmellId>
</modelsmell>
<modelsmell>
<modelsmellId>simplewebmodel.smells.multiplelinkdefinitions</modelsmellId>
</modelsmell>
<modelsmell>
<modelsmellId>simplewebmodel.smells.nodynamicpage</modelsmellId>
</modelsmell>
<modelsmell>
<modelsmellId>simplewebmodel.smells.missingdatapage</modelsmellId>
</modelsmell>
<modelsmell>
<modelsmellId>simplewebmodel.smells.missingindexpage</modelsmellId>
</modelsmell>
<modelsmell>
<modelsmellId>simplewebmodel.smells.missinglink</modelsmellId>
</modelsmell>
<modelsmell>
<modelsmellId>simplewebmodel.smells.equallynamedpages</modelsmellId>
</modelsmell>
<modelsmell>
<modelsmellId>simplewebmodel.smells.unusedentity</modelsmellId>
</modelsmell>
</smellConfiguration>
