<?xml version="1.0" encoding="UTF-8" standalone="no"?>
<refactoringConfiguration>
<refactoring>
<refactoringId>org.eclipse.emf.refactor.refactorings.ecore.AddParameter</refactoringId>
</refactoring>
<refactoring>
<refactoringId>org.eclipse.emf.refactor.refactorings.uml24.addparameter</refactoringId>
</refactoring>
<refactoring>
<refactoringId>org.eclipse.emf.refactor.refactorings.uml24.createassociatedclass</refactoringId>
</refactoring>
<refactoring>
<refactoringId>org.eclipse.emf.refactor.refactorings.uml24.createclasswithattributesfromparameterlist</refactoringId>
</refactoring>
<refactoring>
<refactoringId>org.eclipse.emf.refactor.refactorings.uml24.createsubclass</refactoringId>
</refactoring>
<refactoring>
<refactoringId>org.eclipse.emf.refactor.refactorings.uml24.createsuperclass</refactoringId>
</refactoring>
<refactoring>
<refactoringId>org.eclipse.emf.refactor.refactorings.ecore.CreateReferencedEClass</refactoringId>
</refactoring>
<refactoring>
<refactoringId>org.eclipse.emf.refactor.refactorings.ecore.CreateSubEClass</refactoringId>
</refactoring>
<refactoring>
<refactoringId>org.eclipse.emf.refactor.refactorings.ecore.CreateSuperEClass</refactoringId>
</refactoring>
<refactoring>
<refactoringId>org.eclipse.emf.refactor.refactorings.uml24.extractclass</refactoringId>
</refactoring>
<refactoring>
<refactoringId>org.eclipse.emf.refactor.refactorings.uml24.extractsubclass</refactoringId>
</refactoring>
<refactoring>
<refactoringId>org.eclipse.emf.refactor.refactorings.uml24.extractsuperclass</refactoringId>
</refactoring>
<refactoring>
<refactoringId>org.eclipse.emf.refactor.refactorings.uml24.hideattribute</refactoringId>
</refactoring>
<refactoring>
<refactoringId>org.eclipse.emf.refactor.refactorings.uml24.inlineclass</refactoringId>
</refactoring>
<refactoring>
<refactoringId>org.eclipse.emf.refactor.refactorings.uml24.introduceparameterobject</refactoringId>
</refactoring>
<refactoring>
<refactoringId>org.eclipse.emf.refactor.refactorings.uml24.moveattribute</refactoringId>
</refactoring>
<refactoring>
<refactoringId>org.eclipse.emf.refactor.refactorings.ecore.MoveEAttribute</refactoringId>
</refactoring>
<refactoring>
<refactoringId>org.eclipse.emf.refactor.refactorings.ecore.MoveEOperation</refactoringId>
</refactoring>
<refactoring>
<refactoringId>org.eclipse.emf.refactor.refactorings.uml24.moveoperation</refactoringId>
</refactoring>
<refactoring>
<refactoringId>org.eclipse.emf.refactor.refactorings.uml24.pullupattribute</refactoringId>
</refactoring>
<refactoring>
<refactoringId>org.eclipse.emf.refactor.refactorings.uml24.pullupoperation</refactoringId>
</refactoring>
<refactoring>
<refactoringId>org.eclipse.emf.refactor.refactorings.ecore.PullUpEAttribute</refactoringId>
</refactoring>
<refactoring>
<refactoringId>org.eclipse.emf.refactor.refactorings.ecore.PullUpEOperation</refactoringId>
</refactoring>
<refactoring>
<refactoringId>org.eclipse.emf.refactor.refactorings.uml24.pushdownattribute</refactoringId>
</refactoring>
<refactoring>
<refactoringId>org.eclipse.emf.refactor.refactorings.uml24.pushdownoperation</refactoringId>
</refactoring>
<refactoring>
<refactoringId>org.eclipse.emf.refactor.refactorings.ecore.PushDownEAttribute</refactoringId>
</refactoring>
<refactoring>
<refactoringId>org.eclipse.emf.refactor.refactorings.ecore.PushDownEOperation</refactoringId>
</refactoring>
<refactoring>
<refactoringId>org.eclipse.emf.refactor.refactorings.ecore.RemoveEParameter</refactoringId>
</refactoring>
<refactoring>
<refactoringId>org.eclipse.emf.refactor.refactorings.uml24.removeemptyassociatedclass</refactoringId>
</refactoring>
<refactoring>
<refactoringId>org.eclipse.emf.refactor.refactorings.uml24.removeemptysubclass</refactoringId>
</refactoring>
<refactoring>
<refactoringId>org.eclipse.emf.refactor.refactorings.uml24.removeemptysuperclass</refactoringId>
</refactoring>
<refactoring>
<refactoringId>org.eclipse.emf.refactor.refactorings.uml24.removeparameter</refactoringId>
</refactoring>
<refactoring>
<refactoringId>org.eclipse.emf.refactor.refactorings.uml24.removesuperclass</refactoringId>
</refactoring>
<refactoring>
<refactoringId>org.eclipse.emf.refactor.refactorings.uml24.removeunusedinterface</refactoringId>
</refactoring>
<refactoring>
<refactoringId>org.eclipse.emf.refactor.refactorings.ecore.RemoveEmptyReferencedEClass</refactoringId>
</refactoring>
<refactoring>
<refactoringId>org.eclipse.emf.refactor.refactorings.ecore.RemoveEmptySubEClass</refactoringId>
</refactoring>
<refactoring>
<refactoringId>org.eclipse.emf.refactor.refactorings.ecore.RemoveEmptySuperEClass</refactoringId>
</refactoring>
<refactoring>
<refactoringId>org.eclipse.emf.refactor.refactorings.uml24.renameattribute</refactoringId>
</refactoring>
<refactoring>
<refactoringId>org.eclipse.emf.refactor.refactorings.uml24.renameclass</refactoringId>
</refactoring>
<refactoring>
<refactoringId>org.eclipse.emf.refactor.refactorings.ecore.RenameEAttribute</refactoringId>
</refactoring>
<refactoring>
<refactoringId>org.eclipse.emf.refactor.refactorings.ecore.RenameEClass</refactoringId>
</refactoring>
<refactoring>
<refactoringId>org.eclipse.emf.refactor.refactorings.ecore.RenameEDataType</refactoringId>
</refactoring>
<refactoring>
<refactoringId>org.eclipse.emf.refactor.refactorings.ecore.RenameEEnumLiteral</refactoringId>
</refactoring>
<refactoring>
<refactoringId>org.eclipse.emf.refactor.refactorings.ecore.RenameEOperation</refactoringId>
</refactoring>
<refactoring>
<refactoringId>org.eclipse.emf.refactor.refactorings.ecore.RenameEPackage</refactoringId>
</refactoring>
<refactoring>
<refactoringId>org.eclipse.emf.refactor.refactorings.ecore.RenameEParameter</refactoringId>
</refactoring>
<refactoring>
<refactoringId>org.eclipse.emf.refactor.refactorings.ecore.RenameEReference</refactoringId>
</refactoring>
<refactoring>
<refactoringId>org.eclipse.emf.refactor.refactorings.uml24.renameoperation</refactoringId>
</refactoring>
<refactoring>
<refactoringId>org.eclipse.emf.refactor.refactorings.uml24.showattribute</refactoringId>
</refactoring>
<refactoring>
<refactoringId>org.eclipse.emf.refactor.refactorings.ecore.CreateReferencedEClassUsingHenshin</refactoringId>
</refactoring>
<refactoring>
<refactoringId>org.eclipse.emf.refactor.refactorings.ecore.CreateSubEClassUsingHenshin</refactoringId>
</refactoring>
<refactoring>
<refactoringId>org.eclipse.emf.refactor.refactorings.ecore.CreateSuperEClassUsingHenshin</refactoringId>
</refactoring>
<refactoring>
<refactoringId>org.eclipse.emf.refactor.refactorings.ecore.RenameEEnumLiteralUsingHenshin</refactoringId>
</refactoring>
<refactoring>
<refactoringId>org.eclipse.emf.refactor.refactorings.ecore.RenameEReferenceUsingHenshin</refactoringId>
</refactoring>
<refactoring>
<refactoringId>org.eclipse.emf.refactor.refactorings.ecore.RenameEAttributeUsingHenshin</refactoringId>
</refactoring>
<refactoring>
<refactoringId>org.eclipse.emf.refactor.refactorings.ecore.RenameEDataTypeUsingHenshin</refactoringId>
</refactoring>
<refactoring>
<refactoringId>org.eclipse.emf.refactor.refactorings.ecore.RenameEPackageUsingHenshin</refactoringId>
</refactoring>
<refactoring>
<refactoringId>org.eclipse.emf.refactor.refactorings.ecore.RenameEClassUsingHenshin</refactoringId>
</refactoring>
</refactoringConfiguration>
