<?xml version="1.0" encoding="UTF-8"?><metricConfiguration>
<metric>
<metricId>de.unimarburg.swt.metrics.uml.npm</metricId>
</metric>
<metric>
<metricId>de.unimarburg.swt.metrics.uml.ncm</metricId>
</metric>
<metric>
<metricId>de.unimarburg.swt.metrics.uml.nasm</metricId>
</metric>
<metric>
<metricId>de.unimarburg.swt.metrics.uml.nagm</metricId>
</metric>
<metric>
<metricId>de.unimarburg.swt.metrics.uml.nim</metricId>
</metric>
<metric>
<metricId>de.unimarburg.swt.metrics.uml.natm</metricId>
</metric>
<metric>
<metricId>de.unimarburg.swt.metrics.uml.nom</metricId>
</metric>
<metric>
<metricId>de.unimarburg.swt.metrics.uml.nactm</metricId>
</metric>
<metric>
<metricId>de.unimarburg.swt.metrics.uml.nnoem</metricId>
</metric>
<metric>
<metricId>de.unimarburg.swt.metrics.uml.nacm</metricId>
</metric>
<metric>
<metricId>de.unimarburg.swt.metrics.uml.asvsc</metricId>
</metric>
<metric>
<metricId>de.unimarburg.swt.metrics.uml.agvsc</metricId>
</metric>
<metric>
<metricId>de.unimarburg.swt.metrics.uml.gevsc</metricId>
</metric>
<metric>
<metricId>de.unimarburg.swt.metrics.uml.atvscc</metricId>
</metric>
<metric>
<metricId>de.unimarburg.swt.metrics.uml.ovsc</metricId>
</metric>
<metric>
<metricId>de.unimarburg.swt.metrics.uml.ntdm</metricId>
</metric>
<metric>
<metricId>de.unimarburg.swt.metrics.uml.ndepm</metricId>
</metric>
<metric>
<metricId>de.unimarburg.swt.metrics.uml.depvsc</metricId>
</metric>
<metric>
<metricId>de.unimarburg.swt.metrics.maxhagg</metricId>
</metric>
<metric>
<metricId>de.unimarburg.swt.metrics.uml.maxdit</metricId>
</metric>
<metric>
<metricId>de.unimarburg.swt.metrics.uml.ana</metricId>
</metric>
<metric>
<metricId>de.unimarburg.swt.metrics.uml.nih</metricId>
</metric>
<metric>
<metricId>de.unimarburg.swt.metrics.uml.ncp</metricId>
</metric>
<metric>
<metricId>de.unimarburg.swt.metrics.uml.nacp</metricId>
</metric>
<metric>
<metricId>de.unimarburg.swt.metrics.uml.nip</metricId>
</metric>
<metric>
<metricId>de.unimarburg.swt.metrics.uml.nirp</metricId>
</metric>
<metric>
<metricId>de.unimarburg.swt.metrics.uml.niup</metricId>
</metric>
<metric>
<metricId>de.unimarburg.swt.metrics.uml.npp</metricId>
</metric>
<metric>
<metricId>de.unimarburg.swt.metrics.uml.nap</metricId>
</metric>
<metric>
<metricId>de.unimarburg.swt.metrics.uml.naggr</metricId>
</metric>
<metric>
<metricId>de.unimarburg.swt.metrics.uml.natp</metricId>
</metric>
<metric>
<metricId>de.unimarburg.swt.metrics.uml.natip</metricId>
</metric>
<metric>
<metricId>de.unimarburg.swt.metrics.uml.nnpatp</metricId>
</metric>
<metric>
<metricId>de.unimarburg.swt.metrics.uml.nop</metricId>
</metric>
<metric>
<metricId>de.unimarburg.swt.metrics.uml.nopip</metricId>
</metric>
<metric>
<metricId>de.unimarburg.swt.metrics.uml.nnpop</metricId>
</metric>
<metric>
<metricId>de.unimarburg.swt.metrics.uml.nigp</metricId>
</metric>
<metric>
<metricId>de.unimarburg.swt.metrics.uml.niatp</metricId>
</metric>
<metric>
<metricId>de.unimarburg.swt.metrics.uml.niaep</metricId>
</metric>
<metric>
<metricId>de.unimarburg.swt.metrics.uml.nesub</metricId>
</metric>
<metric>
<metricId>de.unimarburg.swt.metrics.uml.neacp</metricId>
</metric>
<metric>
<metricId>de.unimarburg.swt.metrics.uml.neaecp</metricId>
</metric>
<metric>
<metricId>de.unimarburg.swt.metrics.uml.nesupp</metricId>
</metric>
<metric>
<metricId>de.unimarburg.swt.metrics.uml.netap</metricId>
</metric>
<metric>
<metricId>de.unimarburg.swt.metrics.uml.naetop</metricId>
</metric>
<metric>
<metricId>de.unimarburg.swt.metrics.uml.dnh</metricId>
</metric>
<metric>
<metricId>de.unimarburg.swt.metrics.uml.a</metricId>
</metric>
<metric>
<metricId>de.unimarburg.swt.metrics.uml.r</metricId>
</metric>
<metric>
<metricId>de.unimarburg.swt.metrics.uml.ncap</metricId>
</metric>
<metric>
<metricId>de.unimarburg.swt.metrics.uml.navcp</metricId>
</metric>
<metric>
<metricId>de.unimarburg.swt.metrics.uml.tnatp</metricId>
</metric>
<metric>
<metricId>de.unimarburg.swt.metrics.uml.tnopp</metricId>
</metric>
<metric>
<metricId>de.unimarburg.swt.metrics.uml.ahf</metricId>
</metric>
<metric>
<metricId>de.unimarburg.swt.metrics.uml.aif</metricId>
</metric>
<metric>
<metricId>de.unimarburg.swt.metrics.uml.ohf</metricId>
</metric>
<metric>
<metricId>de.unimarburg.swt.metrics.uml.oif</metricId>
</metric>
<metric>
<metricId>de.unimarburg.swt.metrics.uml.nitrp</metricId>
</metric>
<metric>
<metricId>de.unimarburg.swt.metrics.uml.nicrp</metricId>
</metric>
<metric>
<metricId>de.unimarburg.swt.metrics.uml.h</metricId>
</metric>
<metric>
<metricId>de.unimarburg.swt.metrics.uml.ntctp</metricId>
</metric>
<metric>
<metricId>de.unimarburg.swt.metrics.uml.ndcop</metricId>
</metric>
<metric>
<metricId>de.unimarburg.swt.metrics.uml.ca</metricId>
</metric>
<metric>
<metricId>de.unimarburg.swt.metrics.uml.nttcp</metricId>
</metric>
<metric>
<metricId>de.unimarburg.swt.metrics.uml.ndocp</metricId>
</metric>
<metric>
<metricId>de.unimarburg.swt.metrics.uml.nopp</metricId>
</metric>
<metric>
<metricId>de.unimarburg.swt.metrics.uml.andocp</metricId>
</metric>
<metric>
<metricId>de.unimarburg.swt.metrics.uml.ce</metricId>
</metric>
<metric>
<metricId>de.unimarburg.swt.metrics.uml.tc</metricId>
</metric>
<metric>
<metricId>de.unimarburg.swt.metrics.uml.i</metricId>
</metric>
<metric>
<metricId>de.unimarburg.swt.metrics.uml.natc</metricId>
</metric>
<metric>
<metricId>de.unimarburg.swt.metrics.uml.npubac</metricId>
</metric>
<metric>
<metricId>de.unimarburg.swt.metrics.uml.nproac</metricId>
</metric>
<metric>
<metricId>de.unimarburg.swt.metrics.uml.npriac</metricId>
</metric>
<metric>
<metricId>de.unimarburg.swt.metrics.uml.ncatc</metricId>
</metric>
<metric>
<metricId>de.unimarburg.swt.metrics.uml.dac</metricId>
</metric>
<metric>
<metricId>de.unimarburg.swt.metrics.uml.naptc</metricId>
</metric>
<metric>
<metricId>de.unimarburg.swt.metrics.uml.ecatt</metricId>
</metric>
<metric>
<metricId>de.unimarburg.swt.metrics.uml.ecpar</metricId>
</metric>
<metric>
<metricId>de.unimarburg.swt.metrics.uml.nopc</metricId>
</metric>
<metric>
<metricId>de.unimarburg.swt.metrics.uml.icparc</metricId>
</metric>
<metric>
<metricId>de.unimarburg.swt.metrics.uml.icpari</metricId>
</metric>
<metric>
<metricId>de.unimarburg.swt.metrics.uml.nasoc</metricId>
</metric>
<metric>
<metricId>de.unimarburg.swt.metrics.uml.nassc</metricId>
</metric>
<metric>
<metricId>de.unimarburg.swt.metrics.uml.nsupc</metricId>
</metric>
<metric>
<metricId>de.unimarburg.swt.metrics.uml.nsubc</metricId>
</metric>
<metric>
<metricId>de.unimarburg.swt.metrics.uml.nsupc2</metricId>
</metric>
<metric>
<metricId>de.unimarburg.swt.metrics.uml.nsubc2</metricId>
</metric>
<metric>
<metricId>de.unimarburg.swt.metrics.uml.maxditc</metricId>
</metric>
<metric>
<metricId>de.unimarburg.swt.metrics.uml.hagg</metricId>
</metric>
<metric>
<metricId>de.unimarburg.swt.metrics.uml.neatc</metricId>
</metric>
<metric>
<metricId>de.unimarburg.swt.metrics.uml.nai</metricId>
</metric>
<metric>
<metricId>de.unimarburg.swt.metrics.uml.nppac</metricId>
</metric>
<metric>
<metricId>de.unimarburg.swt.metrics.uml.dam</metricId>
</metric>
<metric>
<metricId>de.unimarburg.swt.metrics.uml.icpar</metricId>
</metric>
<metric>
<metricId>de.unimarburg.swt.metrics.uml.nfeac</metricId>
</metric>
<metric>
<metricId>de.unimarburg.swt.metrics.uml.nasc</metricId>
</metric>
<metric>
<metricId>de.unimarburg.swt.metrics.uml.nparc</metricId>
</metric>
<metric>
<metricId>de.unimarburg.swt.metrics.uml.ndpc</metricId>
</metric>
<metric>
<metricId>de.unimarburg.swt.metrics.uml.cbc</metricId>
</metric>
<metric>
<metricId>de.unimarburg.swt.metrics.uml.apoc</metricId>
</metric>
<metric>
<metricId>de.unimarburg.swt.metrics.uml.dac2</metricId>
</metric>
<metric>
<metricId>de.unimarburg.swt.metrics.uml.ninpo</metricId>
</metric>
<metric>
<metricId>de.unimarburg.swt.metrics.uml.niopo</metricId>
</metric>
<metric>
<metricId>de.unimarburg.swt.metrics.uml.ninppo</metricId>
</metric>
<metric>
<metricId>de.unimarburg.swt.metrics.uml.neipo</metricId>
</metric>
<metric>
<metricId>de.unimarburg.swt.metrics.uml.tnme</metricId>
</metric>
<metric>
<metricId>de.unimarburg.swt.metrics.uml.tnne</metricId>
</metric>
</metricConfiguration>