<?xml version="1.0" encoding="UTF-8"?><smellConfiguration>
<modelsmell>
<modelsmellId>de.unimarburg.swt.smells.uml.unnamedactor</modelsmellId>
</modelsmell>
<modelsmell>
<modelsmellId>de.unimarburg.swt.smells.uml.unnamedusecase</modelsmellId>
</modelsmell>
<modelsmell>
<modelsmellId>de.unimarburg.swt.smells.uml.unusedusecase</modelsmellId>
</modelsmell>
<modelsmell>
<modelsmellId>de.unimarburg.swt.smells.uml.extends</modelsmellId>
</modelsmell>
<modelsmell>
<modelsmellId>de.unimarburg.swt.smells.uml.unnamedstate</modelsmellId>
</modelsmell>
<modelsmell>
<modelsmellId>de.unimarburg.swt.smells.uml.noincoming</modelsmellId>
</modelsmell>
<modelsmell>
<modelsmellId>de.unimarburg.swt.smells.uml.unusedpackage</modelsmellId>
</modelsmell>
<modelsmell>
<modelsmellId>de.unimarburg.swt.smells.uml.unusedinterface</modelsmellId>
</modelsmell>
<modelsmell>
<modelsmellId>de.unimarburg.swt.smells.uml.unusedenumeration</modelsmellId>
</modelsmell>
<modelsmell>
<modelsmellId>de.unimarburg.swt.smells.uml.unusedclass</modelsmellId>
</modelsmell>
<modelsmell>
<modelsmellId>de.unimarburg.swt.smells.uml.equallynamedclasses</modelsmellId>
</modelsmell>
<modelsmell>
<modelsmellId>de.unimarburg.swt.smells.uml.attributenameoverridden</modelsmellId>
</modelsmell>
<modelsmell>
<modelsmellId>de.unimarburg.swt.smells.uml.concretesuperclass</modelsmellId>
</modelsmell>
<modelsmell>
<modelsmellId>de.unimarburg.swt.smells.uml.specializationaggregation</modelsmellId>
</modelsmell>
<modelsmell>
<modelsmellId>de.unimarburg.swt.smells.uml.speculativegeneralityinterface</modelsmellId>
</modelsmell>
<modelsmell>
<modelsmellId>de.unimarburg.swt.smells.uml.speculativegeneralityclass</modelsmellId>
</modelsmell>
<modelsmell>
<modelsmellId>de.unimarburg.swt.smells.uml.largeclasss</modelsmellId>
<metric_limit>1.0</metric_limit>
</modelsmell>
<modelsmell>
<modelsmellId>de.unimarburg.swt.smells.uml.longparameterlist</modelsmellId>
<metric_limit>1.0</metric_limit>
</modelsmell>
<modelsmell>
<modelsmellId>de.unimarburg.swt.smells.uml.primitiveobsessionconstants</modelsmellId>
<metric_limit>1.0</metric_limit>
</modelsmell>
<modelsmell>
<modelsmellId>de.unimarburg.swt.smells.uml.primitiveobsessionprimitive</modelsmellId>
<metric_limit>1.0</metric_limit>
</modelsmell>
<modelsmell>
<modelsmellId>de.unimarburg.swt.smells.uml.dataclumpsattributes</modelsmellId>
<metric_limit>1.0</metric_limit>
</modelsmell>
<modelsmell>
<modelsmellId>de.unimarburg.swt.smells.uml.dataclumpsparameters</modelsmellId>
<metric_limit>1.0</metric_limit>
</modelsmell>
<modelsmell>
<modelsmellId>de.unimarburg.swt.smells.uml.equalattributesinsiblingclasses</modelsmellId>
</modelsmell>
</smellConfiguration>