<?xml version="1.0" encoding="UTF-8" standalone="no"?>
<smellConfiguration>
<modelsmell>
<modelsmellId>de.unimarburg.swt.smells.uml.unnamedpackage</modelsmellId>
</modelsmell>
<modelsmell>
<modelsmellId>de.unimarburg.swt.smells.uml.unnamedclass</modelsmellId>
</modelsmell>
<modelsmell>
<modelsmellId>de.unimarburg.swt.smells.uml.unnamedinterface</modelsmellId>
</modelsmell>
<modelsmell>
<modelsmellId>de.unimarburg.swt.smells.uml.unnameddatatype</modelsmellId>
</modelsmell>
<modelsmell>
<modelsmellId>de.unimarburg.swt.smells.uml.unnamedattribute</modelsmellId>
</modelsmell>
<modelsmell>
<modelsmellId>de.unimarburg.swt.smells.uml.unnamedoperation</modelsmellId>
</modelsmell>
<modelsmell>
<modelsmellId>de.unimarburg.swt.smells.uml.unnamedparameter</modelsmellId>
</modelsmell>
<modelsmell>
<modelsmellId>de.unimarburg.swt.smells.uml.unusedpackage</modelsmellId>
</modelsmell>
<modelsmell>
<modelsmellId>de.unimarburg.swt.smells.uml.unusedenumeration</modelsmellId>
</modelsmell>
<modelsmell>
<modelsmellId>de.unimarburg.swt.smells.uml.unusedinterface</modelsmellId>
</modelsmell>
<modelsmell>
<modelsmellId>de.unimarburg.swt.smells.uml.unusedclass</modelsmellId>
</modelsmell>
</smellConfiguration>
