<?xml version="1.0" encoding="UTF-8" standalone="no"?>
<smellConfiguration>
<modelsmell>
<modelsmellId>org.eclipse.emf.refactor.smells.uml24.henshin.attributenameoverridden</modelsmellId>
</modelsmell>
<modelsmell>
<modelsmellId>org.eclipse.emf.refactor.smells.uml24.diamondinheritance</modelsmellId>
</modelsmell>
<modelsmell>
<modelsmellId>org.eclipse.emf.refactor.smells.uml24.equalattributesinsiblingclasses</modelsmellId>
</modelsmell>
<modelsmell>
<modelsmellId>org.eclipse.emf.refactor.smells.uml24.largeclass</modelsmellId>
<metric_limit>10.0</metric_limit>
</modelsmell>
<modelsmell>
<modelsmellId>org.eclipse.emf.refactor.smells.uml24.nospecification</modelsmellId>
</modelsmell>
<modelsmell>
<modelsmellId>org.eclipse.emf.refactor.smells.uml24.primitiveobsessionconstants</modelsmellId>
<metric_limit>1.0</metric_limit>
</modelsmell>
<modelsmell>
<modelsmellId>org.eclipse.emf.refactor.smells.uml24.primitiveobsessionprimitivetype</modelsmellId>
<metric_limit>1.0</metric_limit>
</modelsmell>
<modelsmell>
<modelsmellId>org.eclipse.emf.refactor.smells.uml24.henshin.specializationaggregation</modelsmellId>
</modelsmell>
<modelsmell>
<modelsmellId>org.eclipse.emf.refactor.smells.uml24.henshin.speculativegeneralityclass</modelsmellId>
</modelsmell>
<modelsmell>
<modelsmellId>org.eclipse.emf.refactor.smells.uml24.henshin.speculativegeneralityinterface</modelsmellId>
</modelsmell>
<modelsmell>
<modelsmellId>org.eclipse.emf.refactor.smells.uml24.henshin.unusedclass</modelsmellId>
</modelsmell>
<modelsmell>
<modelsmellId>org.eclipse.emf.refactor.smells.uml24.henshin.unusedenumeration</modelsmellId>
</modelsmell>
<modelsmell>
<modelsmellId>org.eclipse.emf.refactor.smells.uml24.henshin.unusedinterface</modelsmellId>
</modelsmell>
</smellConfiguration>
