<?xml version="1.0" encoding="UTF-8" standalone="no"?>
<refactoringConfiguration>
<refactoring>
<refactoringId>org.eclipse.emf.refactor.refactorings.uml24.addparameter</refactoringId>
</refactoring>
<refactoring>
<refactoringId>org.eclipse.emf.refactor.refactorings.uml24.createassociatedclass</refactoringId>
</refactoring>
<refactoring>
<refactoringId>org.eclipse.emf.refactor.refactorings.uml24.createclasswithattributesfromparameterlist</refactoringId>
</refactoring>
<refactoring>
<refactoringId>org.eclipse.emf.refactor.refactorings.uml24.createsubclass</refactoringId>
</refactoring>
<refactoring>
<refactoringId>org.eclipse.emf.refactor.refactorings.uml24.createsuperclass</refactoringId>
</refactoring>
<refactoring>
<refactoringId>org.eclipse.emf.refactor.refactorings.uml24.extractclass</refactoringId>
</refactoring>
<refactoring>
<refactoringId>org.eclipse.emf.refactor.refactorings.uml24.extractsubclass</refactoringId>
</refactoring>
<refactoring>
<refactoringId>org.eclipse.emf.refactor.refactorings.uml24.extractsuperclass</refactoringId>
</refactoring>
<refactoring>
<refactoringId>org.eclipse.emf.refactor.refactorings.uml24.hideattribute</refactoringId>
</refactoring>
<refactoring>
<refactoringId>org.eclipse.emf.refactor.refactorings.uml24.inlineclass</refactoringId>
</refactoring>
<refactoring>
<refactoringId>org.eclipse.emf.refactor.refactorings.uml24.introduceparameterobject</refactoringId>
</refactoring>
<refactoring>
<refactoringId>org.eclipse.emf.refactor.refactorings.uml24.moveattribute</refactoringId>
</refactoring>
<refactoring>
<refactoringId>org.eclipse.emf.refactor.refactorings.uml24.moveoperation</refactoringId>
</refactoring>
<refactoring>
<refactoringId>org.eclipse.emf.refactor.refactorings.uml24.pullupattribute</refactoringId>
</refactoring>
<refactoring>
<refactoringId>org.eclipse.emf.refactor.refactorings.uml24.pullupoperation</refactoringId>
</refactoring>
<refactoring>
<refactoringId>org.eclipse.emf.refactor.refactorings.uml24.pushdownattribute</refactoringId>
</refactoring>
<refactoring>
<refactoringId>org.eclipse.emf.refactor.refactorings.uml24.pushdownoperation</refactoringId>
</refactoring>
<refactoring>
<refactoringId>org.eclipse.emf.refactor.refactorings.uml24.removeemptyassociatedclass</refactoringId>
</refactoring>
<refactoring>
<refactoringId>org.eclipse.emf.refactor.refactorings.uml24.removeemptysubclass</refactoringId>
</refactoring>
<refactoring>
<refactoringId>org.eclipse.emf.refactor.refactorings.uml24.removeemptysuperclass</refactoringId>
</refactoring>
<refactoring>
<refactoringId>org.eclipse.emf.refactor.refactorings.uml24.removeparameter</refactoringId>
</refactoring>
<refactoring>
<refactoringId>org.eclipse.emf.refactor.refactorings.uml24.removesuperclass</refactoringId>
</refactoring>
<refactoring>
<refactoringId>org.eclipse.emf.refactor.refactorings.uml24.removeunusedinterface</refactoringId>
</refactoring>
<refactoring>
<refactoringId>org.eclipse.emf.refactor.refactorings.uml24.renameattribute</refactoringId>
</refactoring>
<refactoring>
<refactoringId>org.eclipse.emf.refactor.refactorings.uml24.renameclass</refactoringId>
</refactoring>
<refactoring>
<refactoringId>org.eclipse.emf.refactor.refactorings.uml24.renameoperation</refactoringId>
</refactoring>
<refactoring>
<refactoringId>org.eclipse.emf.refactor.refactorings.uml24.showattribute</refactoringId>
</refactoring>
</refactoringConfiguration>
