<?xml version="1.0" encoding="UTF-8" standalone="no"?>
<metricConfiguration>
<metric>
<metricId>org.eclipse.emf.refactor.metrics.uml24.ana</metricId>
</metric>
<metric>
<metricId>org.eclipse.emf.refactor.metrics.uml24.maxdit</metricId>
</metric>
<metric>
<metricId>org.eclipse.emf.refactor.metrics.uml24.nacm</metricId>
</metric>
<metric>
<metricId>org.eclipse.emf.refactor.metrics.uml24.nacp</metricId>
</metric>
<metric>
<metricId>org.eclipse.emf.refactor.metrics.uml24.nccp</metricId>
</metric>
<metric>
<metricId>org.eclipse.emf.refactor.metrics.uml24.nih</metricId>
</metric>
</metricConfiguration>
