<?xml version="1.0" encoding="UTF-8"?><metricConfiguration>
<metric>
<metricId>de.unimarburg.swt.metrics.uml.natm</metricId>
</metric>
<metric>
<metricId>de.unimarburg.swt.metrics.uml.nom</metricId>
</metric>
<metric>
<metricId>de.unimarburg.swt.metrics.uml.ncp</metricId>
</metric>
<metric>
<metricId>de.unimarburg.swt.metrics.uml.nip</metricId>
</metric>
<metric>
<metricId>de.unimarburg.swt.metrics.uml.nap</metricId>
</metric>
<metric>
<metricId>de.unimarburg.swt.metrics.uml.naggr</metricId>
</metric>
<metric>
<metricId>de.unimarburg.swt.metrics.uml.a</metricId>
</metric>
<metric>
<metricId>de.unimarburg.swt.metrics.uml.navcp</metricId>
</metric>
<metric>
<metricId>de.unimarburg.swt.metrics.uml.ninppo</metricId>
</metric>
</metricConfiguration>