<?xml version="1.0" encoding="UTF-8"?><smellConfiguration>
<modelsmell>
<modelsmellId>de.unimarburg.swt.smells.uml.unusedclass</modelsmellId>
</modelsmell>
<modelsmell>
<modelsmellId>de.unimarburg.swt.smells.uml.equallynamedclasses</modelsmellId>
</modelsmell>
<modelsmell>
<modelsmellId>de.unimarburg.swt.smells.uml.concretesuperclass</modelsmellId>
</modelsmell>
<modelsmell>
<modelsmellId>de.unimarburg.swt.smells.uml.speculativegeneralityinterface</modelsmellId>
</modelsmell>
<modelsmell>
<modelsmellId>de.unimarburg.swt.smells.uml.speculativegeneralityclass</modelsmellId>
</modelsmell>
<modelsmell>
<modelsmellId>de.unimarburg.swt.smells.uml.largeclasss</modelsmellId>
<metric_limit>4.0</metric_limit>
</modelsmell>
<modelsmell>
<modelsmellId>de.unimarburg.swt.smells.uml.longparameterlist</modelsmellId>
<metric_limit>3.0</metric_limit>
</modelsmell>
<modelsmell>
<modelsmellId>de.unimarburg.swt.smells.uml.primitiveobsessionprimitive</modelsmellId>
<metric_limit>3.0</metric_limit>
</modelsmell>
<modelsmell>
<modelsmellId>de.unimarburg.swt.smells.uml.dataclumpsparameters</modelsmellId>
<metric_limit>3.0</metric_limit>
</modelsmell>
<modelsmell>
<modelsmellId>de.unimarburg.swt.smells.uml.equalattributesinsiblingclasses</modelsmellId>
</modelsmell>
</smellConfiguration>