<?xml version="1.0" encoding="UTF-8" standalone="no"?>
<refactoringConfiguration>
<refactoring>
<refactoringId>xtext.refactoring.renamegrammar</refactoringId>
</refactoring>
<refactoring>
<refactoringId>org.eclipse.emf.refactor.refactorings.ecore.MoveEAttribute</refactoringId>
</refactoring>
<refactoring>
<refactoringId>org.eclipse.emf.refactor.refactorings.ecore.RenameEPackage</refactoringId>
</refactoring>
<refactoring>
<refactoringId>org.eclipse.emf.refactor.refactorings.ecore.RenameEClass</refactoringId>
</refactoring>
<refactoring>
<refactoringId>org.eclipse.emf.refactor.refactorings.ecore.RenameEDataType</refactoringId>
</refactoring>
<refactoring>
<refactoringId>org.eclipse.emf.refactor.refactorings.ecore.RenameEEnumLiteral</refactoringId>
</refactoring>
<refactoring>
<refactoringId>org.eclipse.emf.refactor.refactorings.ecore.RenameEAttribute</refactoringId>
</refactoring>
<refactoring>
<refactoringId>org.eclipse.emf.refactor.refactorings.ecore.RenameEReference</refactoringId>
</refactoring>
<refactoring>
<refactoringId>org.eclipse.emf.refactor.refactorings.ecore.RenameEOperation</refactoringId>
</refactoring>
<refactoring>
<refactoringId>org.eclipse.emf.refactor.refactorings.ecore.RenameEParameter</refactoringId>
</refactoring>
<refactoring>
<refactoringId>org.eclipse.emf.refactor.refactorings.ecore.CreateReferencedEClass</refactoringId>
</refactoring>
<refactoring>
<refactoringId>org.eclipse.emf.refactor.refactorings.ecore.CreateSubEClass</refactoringId>
</refactoring>
<refactoring>
<refactoringId>org.eclipse.emf.refactor.refactorings.ecore.AddParameter</refactoringId>
</refactoring>
<refactoring>
<refactoringId>org.eclipse.emf.refactor.refactorings.ecore.CreateSuperEClass</refactoringId>
</refactoring>
<refactoring>
<refactoringId>org.eclipse.emf.refactor.refactorings.ecore.RemoveEmptyReferencedEClass</refactoringId>
</refactoring>
<refactoring>
<refactoringId>org.eclipse.emf.refactor.refactorings.ecore.RemoveEmptySubEClass</refactoringId>
</refactoring>
<refactoring>
<refactoringId>org.eclipse.emf.refactor.refactorings.ecore.RemoveEmptySuperEClass</refactoringId>
</refactoring>
<refactoring>
<refactoringId>org.eclipse.emf.refactor.refactorings.ecore.RemoveEParameter</refactoringId>
</refactoring>
<refactoring>
<refactoringId>org.eclipse.emf.refactor.refactorings.ecore.MoveEOperation</refactoringId>
</refactoring>
<refactoring>
<refactoringId>org.eclipse.emf.refactor.refactorings.ecore.PushDownEAttribute</refactoringId>
</refactoring>
<refactoring>
<refactoringId>org.eclipse.emf.refactor.refactorings.ecore.PushDownEOperation</refactoringId>
</refactoring>
<refactoring>
<refactoringId>org.eclipse.emf.refactor.refactorings.ecore.PullUpEAttribute</refactoringId>
</refactoring>
<refactoring>
<refactoringId>org.eclipse.emf.refactor.refactorings.ecore.PullUpEOperation</refactoringId>
</refactoring>
<refactoring>
<refactoringId>org.eclipse.emf.refactor.refactorings.ecore.CreateReferencedEClassUsingHenshin</refactoringId>
</refactoring>
<refactoring>
<refactoringId>org.eclipse.emf.refactor.refactorings.ecore.CreateSubEClassUsingHenshin</refactoringId>
</refactoring>
<refactoring>
<refactoringId>org.eclipse.emf.refactor.refactorings.ecore.CreateSuperEClassUsingHenshin</refactoringId>
</refactoring>
<refactoring>
<refactoringId>org.eclipse.emf.refactor.refactorings.ecore.RenameEPackageUsingHenshin</refactoringId>
</refactoring>
<refactoring>
<refactoringId>org.eclipse.emf.refactor.refactorings.ecore.RenameEClassUsingHenshin</refactoringId>
</refactoring>
<refactoring>
<refactoringId>org.eclipse.emf.refactor.refactorings.ecore.RenameEDataTypeUsingHenshin</refactoringId>
</refactoring>
<refactoring>
<refactoringId>org.eclipse.emf.refactor.refactorings.ecore.RenameEEnumLiteralUsingHenshin</refactoringId>
</refactoring>
<refactoring>
<refactoringId>org.eclipse.emf.refactor.refactorings.ecore.RenameEAttributeUsingHenshin</refactoringId>
</refactoring>
<refactoring>
<refactoringId>org.eclipse.emf.refactor.refactorings.ecore.RenameEReferenceUsingHenshin</refactoringId>
</refactoring>
<refactoring>
<refactoringId>org.eclipse.emf.refactor.refactorings.uml24.PullUpAttribute</refactoringId>
</refactoring>
<refactoring>
<refactoringId>org.eclipse.emf.refactor.refactorings.uml24.RenameAttribute</refactoringId>
</refactoring>
<refactoring>
<refactoringId>org.eclipse.emf.refactor.examples.swm.xtext.refactorings.removemultiplelinks</refactoringId>
</refactoring>
<refactoring>
<refactoringId>org.eclipse.emf.refactor.examples.swm.xtext.refactorings.renamepage</refactoringId>
</refactoring>
<refactoring>
<refactoringId>org.eclipse.emf.refactor.examples.swm.xtext.refactorings.updatelinkstoindexpage</refactoringId>
</refactoring>
<refactoring>
<refactoringId>org.eclipse.emf.refactor.examples.swm.xtext.refactorings.createindexpageanddatapage</refactoringId>
</refactoring>
<refactoring>
<refactoringId>org.eclipse.emf.refactor.examples.swm.xtext.refactorings.adddatapagetoindexpage</refactoringId>
</refactoring>
</refactoringConfiguration>
