<?xml version="1.0" encoding="UTF-8" standalone="no"?>
<smellConfiguration>
<modelsmell>
<modelsmellId>org.eclipse.emf.refactor.examples.swm.xtext.smells.emptyentity</modelsmellId>
</modelsmell>
<modelsmell>
<modelsmellId>org.eclipse.emf.refactor.examples.swm.xtext.smells.nodynamicpage</modelsmellId>
</modelsmell>
<modelsmell>
<modelsmellId>org.eclipse.emf.refactor.examples.swm.xtext.smells.missinglink</modelsmellId>
</modelsmell>
<modelsmell>
<modelsmellId>org.eclipse.emf.refactor.examples.swm.xtext.smells.unusedentity</modelsmellId>
</modelsmell>
</smellConfiguration>
