<?xml version="1.0" encoding="UTF-8"?>
<!DOCTYPE Config SYSTEM "http://pi.informatik.uni-siegen.de/SiDiff/Editrulesgeneratorconfig.dtd" >
<Config>
	<GeneralSettings>
		<preventInconsistency value="true" />
		<multiplicityPreconditions integrated="false" separately="false" />
		<reduceToSuperType  CREATE_DELETE="true" MOVE="true" SET_UNSET="false" ADD_REMOVE="true" CHANGE="true" />
		<disableVariants value="true" />
		<createAllAttributes value="true" />		
		<modelUsesProfileMechanism value="false" />
	</GeneralSettings>

	<MetaModelSettings>
		<MainModel nsUri="http://www.eclipse.org/simplewebmodel/1.0" />
		
		<!--
		<RequiredModel nsUri="http://www.eclipse.org/uml2/4.0.0/Types" />
		<RequiredModel nsUri="http://www.eclipse.org/emf/2002/Ecore" />	
		 
		<Constraints>
			<NameUniqueness scope="local" eClass="NamedElement" eAttributeName="name" eAttributeIsInherited="false" overrideInheritedConstraintsIfAny="false" applyOnSubTypes="true"/>
		</Constraints>
		 -->
		<MaskedClassifiers>	
		</MaskedClassifiers>
	</MetaModelSettings>

	<Transformations>
		<Creates allow="true" />
		<Deletes allow="true" />
		<Moves allow="true" allowReferenceSwitching="false" />
		<Sets allow="true" />
		<Unsets allow="true" />
		<Adds allow="true" />
		<Removes allow="true" />
		<Changes allow="true" allowLiteralSwitching="false"/>
	</Transformations>

	<Root name="WebModel" nested="false" />

	<WhiteList>
		
		<EClass name="DataLayer" />
		<EClass name="Entity" />
		<EClass name="Attribute" />
		<EClass name="Reference" />
		
		<EClass name="HypertextLayer" />
		<EClass name="Page" />
		<EClass name="Link" />
		<EClass name="DynamicPage" />
		<EClass name="StaticPage" />
		<EClass name="IndexPage" />		
		<EClass name="DataPage" />
		
	</WhiteList>
	
	<BlackList>

  	</BlackList>
</Config>