<?xml version="1.0" encoding="UTF-8" standalone="no"?>
<refactoringConfiguration>
<refactoring>
<refactoringId>pam.substituteclientnode</refactoringId>
</refactoring>
<refactoring>
<refactoringId>pam.substituteclientnode.opt</refactoringId>
</refactoring>
<refactoring>
<refactoringId>pam.substituteservernode</refactoringId>
</refactoring>
<refactoring>
<refactoringId>pam.substituteservernode.opt</refactoringId>
</refactoring>
<refactoring>
<refactoringId>pam.substitutenetworknode</refactoringId>
</refactoring>
<refactoring>
<refactoringId>pam.substitutenetworknode.opt</refactoringId>
</refactoring>
<refactoring>
<refactoringId>pam.substituteupswithoutcontext</refactoringId>
</refactoring>
<refactoring>
<refactoringId>pam.substituteupswithoutcontext.opt</refactoringId>
</refactoring>
<refactoring>
<refactoringId>pam.substituteupswithcontext</refactoringId>
</refactoring>
<refactoring>
<refactoringId>pam.substituteupswithcontext.opt</refactoringId>
</refactoring>
<refactoring>
<refactoringId>pam.substitutecoolingwithoutcontext</refactoringId>
</refactoring>
<refactoring>
<refactoringId>pam.substitutecoolingwithoutcontext.opt</refactoringId>
</refactoring>
<refactoring>
<refactoringId>pam.substitutecoolingwithcontext</refactoringId>
</refactoring>
<refactoring>
<refactoringId>pam.substitutecoolingwithcontext.opt</refactoringId>
</refactoring>
<refactoring>
<refactoringId>pam.deleteups</refactoringId>
</refactoring>
<refactoring>
<refactoringId>pam.deleteups.opt</refactoringId>
</refactoring>
<refactoring>
<refactoringId>pam.deletecooling</refactoringId>
</refactoring>
<refactoring>
<refactoringId>pam.deletecooling.opt</refactoringId>
</refactoring>
<refactoring>
<refactoringId>pam.networksplit</refactoringId>
</refactoring>
<refactoring>
<refactoringId>pam.networksplit.opt</refactoringId>
</refactoring>
<refactoring>
<refactoringId>pam.networkmerge</refactoringId>
</refactoring>
<refactoring>
<refactoringId>pam.networkmerge.opt</refactoringId>
</refactoring>
<refactoring>
<refactoringId>pam.upssplit</refactoringId>
</refactoring>
<refactoring>
<refactoringId>pam.upssplit.opt</refactoringId>
</refactoring>
<refactoring>
<refactoringId>pam.upsmerge</refactoringId>
</refactoring>
<refactoring>
<refactoringId>pam.upsmerge.opt</refactoringId>
</refactoring>
<refactoring>
<refactoringId>pam.coolingsplit</refactoringId>
</refactoring>
<refactoring>
<refactoringId>pam.coolingsplit.opt</refactoringId>
</refactoring>
<refactoring>
<refactoringId>pam.coolingmerge</refactoringId>
</refactoring>
<refactoring>
<refactoringId>pam.coolingmerge.opt</refactoringId>
</refactoring>
</refactoringConfiguration>
