<?xml version="1.0" encoding="UTF-8" standalone="no"?>
<smellConfiguration>
<modelsmell>
<modelsmellId>pam.lowopwclient</modelsmellId>
</modelsmell>
<modelsmell>
<modelsmellId>pam.substitutableclient</modelsmellId>
</modelsmell>
<modelsmell>
<modelsmellId>pam.substitutableserver</modelsmellId>
</modelsmell>
<modelsmell>
<modelsmellId>pam.substitutablenetworknode</modelsmellId>
</modelsmell>
<modelsmell>
<modelsmellId>pam.substitutableupswithoutcontext</modelsmellId>
</modelsmell>
<modelsmell>
<modelsmellId>pam.substitutableupswithcontext</modelsmellId>
</modelsmell>
<modelsmell>
<modelsmellId>pam.substitutablecoolingwithoutcontext</modelsmellId>
</modelsmell>
<modelsmell>
<modelsmellId>pam.substitutablecoolingwithcontext</modelsmellId>
</modelsmell>
<modelsmell>
<modelsmellId>pam.deletableups</modelsmellId>
</modelsmell>
<modelsmell>
<modelsmellId>pam.deletablecooling</modelsmellId>
</modelsmell>
</smellConfiguration>
